Transaction_ID,Date,Region,Product_Category,Units_Sold,Unit_Price,Total_Revenue,Customer_Satisfaction
T2001,2026-01-05,North,Electronics,45,120,5400,4.5
T2002,2026-01-06,Nrth,Electronics,50,120,6000,4.7
T2003,2026-01-08,South,Furniture,12,350,4200,3.9
T2004,2026-01-10,East,Apparel,120,25,3000,4.2
T2005,2026-01-12,West,Electronics,85,120,10200,4.8
T2006,2026-01-15,North,Apparel,200,30,6000,4.1
T2007,2026-01-18,Sth,Furniture,15,350,5250,4.0
T2008,2026-01-20,East,Electronics,60,120,7200,4.6
T2009,2026-01-22,West,Apparel,150,25,3750,4.3
T2010,2026-01-25,North,Electronics,12,120,95000,1.2
T2011,2026-01-27,North,Electronics,65,120,7800,4.6
T2012,2026-01-28,Nrth,Furniture,18,350,6300,4.0
T2013,2026-01-30,South,Apparel,140,25,3500,4.4
T2014,2026-02-02,East,Electronics,90,120,10800,4.7
T2015,2026-02-04,West,Furniture,22,350,7700,4.2
T2016,2026-02-06,Sth,Apparel,180,30,5400,4.3
T2017,2026-02-08,North,Electronics,70,120,8400,4.5
T2018,2026-02-10,East,Furniture,25,350,8750,4.1
T2019,2026-02-12,West,Electronics,110,120,13200,4.9
T2020,2026-02-15,South,Apparel,160,25,4000,4.2
